{"name":"5abad6d3-b442-45be-82e9-15d582f7f8e7","id":"/providers/Microsoft.Flow/flows/5abad6d3-b442-45be-82e9-15d582f7f8e7","type":"Microsoft.Flow/flows","properties":{"apiId":"/providers/Microsoft.PowerApps/apis/shared_logicflows","displayName":"Ignite News","definition":{"metadata":{"workflowEntityId":null,"creator":{"id":"763e5254-fbc7-4bb7-a52c-3d65eb1352e3","type":"User","tenantId":"3a98693d-f796-40cb-b0f8-840a60f3a871"},"provisioningMethod":"FromDefinition","failureAlertSubscription":true,"clientLastModifiedTime":"2019-11-03T18:07:42.9131298Z"},"$schema":"https://schema.management.azure.com/providers/Microsoft.Logic/schemas/2016-06-01/workflowdefinition.json#","contentVersion":"1.0.0.0","parameters":{"$connections":{"defaultValue":{},"type":"Object"},"$authentication":{"defaultValue":{},"type":"SecureObject"}},"triggers":{"Recurrence":{"recurrence":{"frequency":"Minute","interval":15,"startTime":"2019-11-01T17:00:00.000Z"},"type":"Recurrence"}},"actions":{"Microsoft_365_Blogs":{"runAfter":{"YammerBlog":["Succeeded"]},"metadata":{"flowSystemMetadata":{"swaggerOperationId":"ListFeedItems"}},"type":"ApiConnection","inputs":{"host":{"connection":{"name":"@parameters('$connections')['shared_rss']['connectionId']"},"api":{"runtimeUrl":"https://flow-apim-msmanaged-na-centralus-01.azure-apim.net/apim/rss"}},"method":"get","path":"/ListFeedItems","queries":{"feedUrl":"@variables('Microsoft 365 Blogs')"},"authentication":"@parameters('$authentication')"}},"Apply_to_each":{"foreach":"@body('Microsoft_365_Blogs')","actions":{"Condition_2":{"actions":{"Post_a_message_as_the_Flow_bot_to_a_channel":{"runAfter":{},"metadata":{"flowSystemMetadata":{"swaggerOperationId":"PostChannelNotification"}},"type":"ApiConnection","inputs":{"host":{"connection":{"name":"@parameters('$connections')['shared_teams']['connectionId']"},"api":{"runtimeUrl":"https://flow-apim-msmanaged-na-northcentralus-01.azure-apim.net/apim/teams"}},"method":"post","body":{"recipient":{"channelId":"@variables('Channel365Blog')"},"messageBody":"@{items('Apply_to_each')?['publishDate']}\n@{items('Apply_to_each')['title']}\n@{items('Apply_to_each')?['summary']}\n@{items('Apply_to_each')?['primaryLink']}"},"path":"/flowbot/actions/notification/recipienttypes/channel","queries":{"groupId":"@variables('Team')"},"authentication":"@parameters('$authentication')"}}},"runAfter":{},"expression":{"contains":["@items('Apply_to_each')?['publishDate']","@formatDateTime(utcNow(),'yyyy-MM-dd')"]},"type":"If"}},"runAfter":{"Microsoft_365_Blogs":["Succeeded"]},"type":"Foreach"},"Microsoft_Forms_Blog":{"runAfter":{"YammerBlog":["Succeeded"]},"metadata":{"flowSystemMetadata":{"swaggerOperationId":"ListFeedItems"}},"type":"ApiConnection","inputs":{"host":{"connection":{"name":"@parameters('$connections')['shared_rss']['connectionId']"},"api":{"runtimeUrl":"https://flow-apim-msmanaged-na-centralus-01.azure-apim.net/apim/rss"}},"method":"get","path":"/ListFeedItems","queries":{"feedUrl":"@variables('Microsoft Forms')"},"authentication":"@parameters('$authentication')"}},"Apply_to_each_2":{"foreach":"@body('Microsoft_Forms_Blog')","actions":{"Condition_3":{"actions":{"Post_a_message_as_the_Flow_bot_to_a_channel_2":{"runAfter":{},"metadata":{"flowSystemMetadata":{"swaggerOperationId":"PostChannelNotification"}},"type":"ApiConnection","inputs":{"host":{"connection":{"name":"@parameters('$connections')['shared_teams']['connectionId']"},"api":{"runtimeUrl":"https://flow-apim-msmanaged-na-northcentralus-01.azure-apim.net/apim/teams"}},"method":"post","body":{"recipient":{"channelId":"@variables('ChannelFormsBlog')"},"messageBody":"@{items('Apply_to_each_2')?['publishDate']}\n@{items('Apply_to_each_2')['title']}\n@{items('Apply_to_each_2')?['summary']}\n@{items('Apply_to_each_2')?['primaryLink']}"},"path":"/flowbot/actions/notification/recipienttypes/channel","queries":{"groupId":"@variables('Team')"},"authentication":"@parameters('$authentication')"}}},"runAfter":{},"expression":{"contains":["@items('Apply_to_each_2')?['publishDate']","@formatDateTime(utcNow(),'yyyy-MM-dd')"]},"type":"If"}},"runAfter":{"Microsoft_Forms_Blog":["Succeeded"]},"type":"Foreach"},"Microsoft_OneDrive_Blog":{"runAfter":{"YammerBlog":["Succeeded"]},"metadata":{"flowSystemMetadata":{"swaggerOperationId":"ListFeedItems"}},"type":"ApiConnection","inputs":{"host":{"connection":{"name":"@parameters('$connections')['shared_rss']['connectionId']"},"api":{"runtimeUrl":"https://flow-apim-msmanaged-na-centralus-01.azure-apim.net/apim/rss"}},"method":"get","path":"/ListFeedItems","queries":{"feedUrl":"@variables('MicrosoftOneDrive')"},"authentication":"@parameters('$authentication')"}},"Apply_to_each_3":{"foreach":"@body('Microsoft_OneDrive_Blog')","actions":{"Condition_4":{"actions":{"Post_a_message_as_the_Flow_bot_to_a_channel_3":{"runAfter":{},"metadata":{"flowSystemMetadata":{"swaggerOperationId":"PostChannelNotification"}},"type":"ApiConnection","inputs":{"host":{"connection":{"name":"@parameters('$connections')['shared_teams']['connectionId']"},"api":{"runtimeUrl":"https://flow-apim-msmanaged-na-northcentralus-01.azure-apim.net/apim/teams"}},"method":"post","body":{"recipient":{"channelId":"@variables('ChannelOneDriveBlog')"},"messageBody":"@{items('Apply_to_each_3')?['publishDate']}\n@{items('Apply_to_each_3')['title']}\n@{items('Apply_to_each_3')?['summary']}\n@{items('Apply_to_each_3')?['primaryLink']}"},"path":"/flowbot/actions/notification/recipienttypes/channel","queries":{"groupId":"@variables('Team')"},"authentication":"@parameters('$authentication')"}}},"runAfter":{},"expression":{"contains":["@items('Apply_to_each_3')?['publishDate']","@formatDateTime(utcNow(),'yyyy-MM-dd')"]},"type":"If"}},"runAfter":{"Microsoft_OneDrive_Blog":["Succeeded"]},"type":"Foreach"},"Microsoft_Search_Blog":{"runAfter":{"YammerBlog":["Succeeded"]},"metadata":{"flowSystemMetadata":{"swaggerOperationId":"ListFeedItems"}},"type":"ApiConnection","inputs":{"host":{"connection":{"name":"@parameters('$connections')['shared_rss']['connectionId']"},"api":{"runtimeUrl":"https://flow-apim-msmanaged-na-centralus-01.azure-apim.net/apim/rss"}},"method":"get","path":"/ListFeedItems","queries":{"feedUrl":"@variables('MicrosoftSearch')"},"authentication":"@parameters('$authentication')"}},"Apply_to_each_4":{"foreach":"@body('Microsoft_Search_Blog')","actions":{"Condition_5":{"actions":{"Post_a_message_as_the_Flow_bot_to_a_channel_4":{"runAfter":{},"metadata":{"flowSystemMetadata":{"swaggerOperationId":"PostChannelNotification"}},"type":"ApiConnection","inputs":{"host":{"connection":{"name":"@parameters('$connections')['shared_teams']['connectionId']"},"api":{"runtimeUrl":"https://flow-apim-msmanaged-na-northcentralus-01.azure-apim.net/apim/teams"}},"method":"post","body":{"recipient":{"channelId":"@variables('ChannelSearchBlog')"},"messageBody":"@{items('Apply_to_each_4')?['publishDate']}\n@{items('Apply_to_each_4')['title']}\n@{items('Apply_to_each_4')?['summary']}\n@{items('Apply_to_each_4')?['primaryLink']}"},"path":"/flowbot/actions/notification/recipienttypes/channel","queries":{"groupId":"@variables('Team')"},"authentication":"@parameters('$authentication')"}}},"runAfter":{},"expression":{"contains":["@items('Apply_to_each_4')?['publishDate']","@formatDateTime(utcNow(),'yyyy-MM-dd')"]},"type":"If"}},"runAfter":{"Microsoft_Search_Blog":["Succeeded"]},"type":"Foreach"},"Apply_to_each_5":{"foreach":"@body('SharePoint')","actions":{"Condition_6":{"actions":{"Post_a_message_as_the_Flow_bot_to_a_channel_5":{"runAfter":{},"metadata":{"flowSystemMetadata":{"swaggerOperationId":"PostChannelNotification"}},"type":"ApiConnection","inputs":{"host":{"connection":{"name":"@parameters('$connections')['shared_teams']['connectionId']"},"api":{"runtimeUrl":"https://flow-apim-msmanaged-na-northcentralus-01.azure-apim.net/apim/teams"}},"method":"post","body":{"recipient":{"channelId":"@variables('ChannelSharePointBlog')"},"messageBody":"@{items('Apply_to_each_5')?['publishDate']}\n@{items('Apply_to_each_5')['title']}\n@{items('Apply_to_each_5')?['summary']}\n@{items('Apply_to_each_5')?['primaryLink']}"},"path":"/flowbot/actions/notification/recipienttypes/channel","queries":{"groupId":"@variables('Team')"},"authentication":"@parameters('$authentication')"}}},"runAfter":{},"expression":{"contains":["@items('Apply_to_each_5')?['publishDate']","@formatDateTime(utcNow(),'yyyy-MM-dd')"]},"type":"If"}},"runAfter":{"SharePoint":["Succeeded"]},"type":"Foreach"},"Microsoft_SharePoint_Developer_Blog":{"runAfter":{"YammerBlog":["Succeeded"]},"metadata":{"flowSystemMetadata":{"swaggerOperationId":"ListFeedItems"}},"type":"ApiConnection","inputs":{"host":{"connection":{"name":"@parameters('$connections')['shared_rss']['connectionId']"},"api":{"runtimeUrl":"https://flow-apim-msmanaged-na-centralus-01.azure-apim.net/apim/rss"}},"method":"get","path":"/ListFeedItems","queries":{"feedUrl":"@variables('MicrosoftSharePointDeveloper')"},"authentication":"@parameters('$authentication')"}},"Apply_to_each_6":{"foreach":"@body('Microsoft_SharePoint_Developer_Blog')","actions":{"Condition_7":{"actions":{"Post_a_message_as_the_Flow_bot_to_a_channel_6":{"runAfter":{},"metadata":{"flowSystemMetadata":{"swaggerOperationId":"PostChannelNotification"}},"type":"ApiConnection","inputs":{"host":{"connection":{"name":"@parameters('$connections')['shared_teams']['connectionId']"},"api":{"runtimeUrl":"https://flow-apim-msmanaged-na-northcentralus-01.azure-apim.net/apim/teams"}},"method":"post","body":{"recipient":{"channelId":"@variables('ChannelSharePointDEVBlog')"},"messageBody":"@{items('Apply_to_each_6')?['publishDate']}\n@{items('Apply_to_each_6')['title']}\n@{items('Apply_to_each_6')?['summary']}\n@{items('Apply_to_each_6')?['publishDate']}"},"path":"/flowbot/actions/notification/recipienttypes/channel","queries":{"groupId":"@variables('Team')"},"authentication":"@parameters('$authentication')"}}},"runAfter":{},"expression":{"contains":["@items('Apply_to_each_6')?['publishDate']","@formatDateTime(utcNow(),'yyyy-MM-dd')"]},"type":"If"}},"runAfter":{"Microsoft_SharePoint_Developer_Blog":["Succeeded"]},"type":"Foreach"},"Apply_to_each_8":{"foreach":"@body('Microsoft_Teams')","actions":{"Condition_8":{"actions":{"Post_a_message_as_the_Flow_bot_to_a_channel_7":{"runAfter":{},"metadata":{"flowSystemMetadata":{"swaggerOperationId":"PostChannelNotification"}},"type":"ApiConnection","inputs":{"host":{"connection":{"name":"@parameters('$connections')['shared_teams']['connectionId']"},"api":{"runtimeUrl":"https://flow-apim-msmanaged-na-northcentralus-01.azure-apim.net/apim/teams"}},"method":"post","body":{"recipient":{"channelId":"@variables('ChannelTeamsBlog')"},"messageBody":"@{items('Apply_to_each_8')?['publishDate']}\n@{items('Apply_to_each_8')['title']}\n@{items('Apply_to_each_8')?['summary']}\n@{items('Apply_to_each_8')?['primaryLink']}"},"path":"/flowbot/actions/notification/recipienttypes/channel","queries":{"groupId":"@variables('Team')"},"authentication":"@parameters('$authentication')"}}},"runAfter":{},"expression":{"contains":["@items('Apply_to_each_8')?['publishDate']","@formatDateTime(utcNow(),'yyyy-MM-dd')"]},"type":"If"}},"runAfter":{"Microsoft_Teams":["Succeeded"]},"type":"Foreach"},"Microsoft_Teams_Events_Blog":{"runAfter":{"YammerBlog":["Succeeded"]},"metadata":{"flowSystemMetadata":{"swaggerOperationId":"ListFeedItems"}},"type":"ApiConnection","inputs":{"host":{"connection":{"name":"@parameters('$connections')['shared_rss']['connectionId']"},"api":{"runtimeUrl":"https://flow-apim-msmanaged-na-centralus-01.azure-apim.net/apim/rss"}},"method":"get","path":"/ListFeedItems","queries":{"feedUrl":"@variables('MicrosoftTeamsEvents')"},"authentication":"@parameters('$authentication')"}},"Apply_to_each_9":{"foreach":"@body('Microsoft_Teams_Events_Blog')","actions":{"Condition_9":{"actions":{"Post_a_message_as_the_Flow_bot_to_a_channel_9":{"runAfter":{},"metadata":{"flowSystemMetadata":{"swaggerOperationId":"PostChannelNotification"}},"type":"ApiConnection","inputs":{"host":{"connection":{"name":"@parameters('$connections')['shared_teams']['connectionId']"},"api":{"runtimeUrl":"https://flow-apim-msmanaged-na-northcentralus-01.azure-apim.net/apim/teams"}},"method":"post","body":{"recipient":{"channelId":"@variables('ChannelTeamsEventsBlog')"},"messageBody":"@{items('Apply_to_each_9')?['publishDate']}\n@{items('Apply_to_each_9')['title']}\n@{items('Apply_to_each_9')?['summary']}\n@{items('Apply_to_each_9')?['primaryLink']}"},"path":"/flowbot/actions/notification/recipienttypes/channel","queries":{"groupId":"@variables('Team')"},"authentication":"@parameters('$authentication')"}}},"runAfter":{},"expression":{"contains":["@items('Apply_to_each_9')?['publishDate']","@formatDateTime(utcNow(),'yyyy-MM-dd')"]},"type":"If"}},"runAfter":{"Microsoft_Teams_Events_Blog":["Succeeded"]},"type":"Foreach"},"Office_365_Blog":{"runAfter":{"YammerBlog":["Succeeded"]},"metadata":{"flowSystemMetadata":{"swaggerOperationId":"ListFeedItems"}},"type":"ApiConnection","inputs":{"host":{"connection":{"name":"@parameters('$connections')['shared_rss']['connectionId']"},"api":{"runtimeUrl":"https://flow-apim-msmanaged-na-centralus-01.azure-apim.net/apim/rss"}},"method":"get","path":"/ListFeedItems","queries":{"feedUrl":"@variables('Office365')"},"authentication":"@parameters('$authentication')"}},"Apply_to_each_10":{"foreach":"@body('Office_365_Blog')","actions":{"Condition_10":{"actions":{"Post_a_message_as_the_Flow_bot_to_a_channel_10":{"runAfter":{},"metadata":{"flowSystemMetadata":{"swaggerOperationId":"PostChannelNotification"}},"type":"ApiConnection","inputs":{"host":{"connection":{"name":"@parameters('$connections')['shared_teams']['connectionId']"},"api":{"runtimeUrl":"https://flow-apim-msmanaged-na-northcentralus-01.azure-apim.net/apim/teams"}},"method":"post","body":{"recipient":{"channelId":"@variables('ChannelO365Blog')"},"messageBody":"@{items('Apply_to_each_10')?['publishDate']}\n@{items('Apply_to_each_10')['title']}\n@{items('Apply_to_each_10')?['summary']}\n@{items('Apply_to_each_10')?['primaryLink']}"},"path":"/flowbot/actions/notification/recipienttypes/channel","queries":{"groupId":"@variables('Team')"},"authentication":"@parameters('$authentication')"}}},"runAfter":{},"expression":{"contains":["@items('Apply_to_each_10')?['publishDate']","@formatDateTime(utcNow(),'yyyy-MM-dd')"]},"type":"If"}},"runAfter":{"Office_365_Blog":["Succeeded"]},"type":"Foreach"},"Project_Blog":{"runAfter":{"YammerBlog":["Succeeded"]},"metadata":{"flowSystemMetadata":{"swaggerOperationId":"ListFeedItems"}},"type":"ApiConnection","inputs":{"host":{"connection":{"name":"@parameters('$connections')['shared_rss']['connectionId']"},"api":{"runtimeUrl":"https://flow-apim-msmanaged-na-centralus-01.azure-apim.net/apim/rss"}},"method":"get","path":"/ListFeedItems","queries":{"feedUrl":"@variables('Project')"},"authentication":"@parameters('$authentication')"}},"Apply_to_each_11":{"foreach":"@body('Project_Blog')","actions":{"Condition_11":{"actions":{"Post_a_message_as_the_Flow_bot_to_a_channel_11":{"runAfter":{},"metadata":{"flowSystemMetadata":{"swaggerOperationId":"PostChannelNotification"}},"type":"ApiConnection","inputs":{"host":{"connection":{"name":"@parameters('$connections')['shared_teams']['connectionId']"},"api":{"runtimeUrl":"https://flow-apim-msmanaged-na-northcentralus-01.azure-apim.net/apim/teams"}},"method":"post","body":{"recipient":{"channelId":"@variables('ChannelProjectBlog')"},"messageBody":"@{items('Apply_to_each_11')?['publishDate']}\n@{items('Apply_to_each_11')['title']}\n@{items('Apply_to_each_11')?['summary']}\n@{items('Apply_to_each_11')?['primaryLink']}"},"path":"/flowbot/actions/notification/recipienttypes/channel","queries":{"groupId":"@variables('Team')"},"authentication":"@parameters('$authentication')"}}},"runAfter":{},"expression":{"contains":["@items('Apply_to_each_11')?['publishDate']","@formatDateTime(utcNow(),'yyyy-MM-dd')"]},"type":"If"}},"runAfter":{"Project_Blog":["Succeeded"]},"type":"Foreach"},"Planner_Blog":{"runAfter":{"YammerBlog":["Succeeded"]},"metadata":{"flowSystemMetadata":{"swaggerOperationId":"ListFeedItems"}},"type":"ApiConnection","inputs":{"host":{"connection":{"name":"@parameters('$connections')['shared_rss']['connectionId']"},"api":{"runtimeUrl":"https://flow-apim-msmanaged-na-centralus-01.azure-apim.net/apim/rss"}},"method":"get","path":"/ListFeedItems","queries":{"feedUrl":"@variables('Planner')"},"authentication":"@parameters('$authentication')"}},"Apply_to_each_12":{"foreach":"@body('Planner_Blog')","actions":{"Condition_12":{"actions":{"Post_a_message_as_the_Flow_bot_to_a_channel_12":{"runAfter":{},"metadata":{"flowSystemMetadata":{"swaggerOperationId":"PostChannelNotification"}},"type":"ApiConnection","inputs":{"host":{"connection":{"name":"@parameters('$connections')['shared_teams']['connectionId']"},"api":{"runtimeUrl":"https://flow-apim-msmanaged-na-northcentralus-01.azure-apim.net/apim/teams"}},"method":"post","body":{"recipient":{"channelId":"@variables('ChannelPlannerBlog')"},"messageBody":"@{items('Apply_to_each_12')?['publishDate']}\n@{items('Apply_to_each_12')['title']}\n@{items('Apply_to_each_12')?['summary']}\n@{items('Apply_to_each_12')?['primaryLink']}"},"path":"/flowbot/actions/notification/recipienttypes/channel","queries":{"groupId":"@variables('Team')"},"authentication":"@parameters('$authentication')"}}},"runAfter":{},"expression":{"contains":["@items('Apply_to_each_12')?['publishDate']","@formatDateTime(utcNow(),'yyyy-MM-dd')"]},"type":"If"}},"runAfter":{"Planner_Blog":["Succeeded"]},"type":"Foreach"},"Yammer":{"runAfter":{"YammerBlog":["Succeeded"]},"metadata":{"flowSystemMetadata":{"swaggerOperationId":"ListFeedItems"}},"type":"ApiConnection","inputs":{"host":{"connection":{"name":"@parameters('$connections')['shared_rss']['connectionId']"},"api":{"runtimeUrl":"https://flow-apim-msmanaged-na-centralus-01.azure-apim.net/apim/rss"}},"method":"get","path":"/ListFeedItems","queries":{"feedUrl":"@variables('Yammer')"},"authentication":"@parameters('$authentication')"}},"Apply_to_each_13":{"foreach":"@body('Yammer')","actions":{"Condition_13":{"actions":{"Post_a_message_as_the_Flow_bot_to_a_channel_13":{"runAfter":{},"metadata":{"flowSystemMetadata":{"swaggerOperationId":"PostChannelNotification"}},"type":"ApiConnection","inputs":{"host":{"connection":{"name":"@parameters('$connections')['shared_teams']['connectionId']"},"api":{"runtimeUrl":"https://flow-apim-msmanaged-na-northcentralus-01.azure-apim.net/apim/teams"}},"method":"post","body":{"recipient":{"channelId":"@variables('ChannelYammerBlog')"},"messageBody":"@{items('Apply_to_each_13')?['publishDate']}\n@{items('Apply_to_each_13')['title']}\n@{items('Apply_to_each_13')?['summary']}\n@{items('Apply_to_each_13')?['primaryLink']}"},"path":"/flowbot/actions/notification/recipienttypes/channel","queries":{"groupId":"@variables('Team')"},"authentication":"@parameters('$authentication')"}}},"runAfter":{},"expression":{"contains":["@items('Apply_to_each_13')?['publishDate']","@formatDateTime(utcNow(),'yyyy-MM-dd')"]},"type":"If"}},"runAfter":{"Yammer":["Succeeded"]},"type":"Foreach"},"Microsoft365Blogs":{"runAfter":{"Apply_to_each_7":["Succeeded"]},"type":"InitializeVariable","inputs":{"variables":[{"name":"Microsoft 365 Blogs","type":"String","value":"https://techcommunity.microsoft.com/gxcuf89792/plugins/custom/microsoft/o365/custom-blog-rss?board=microsoft_365blog&label=&messages=&size=10"}]}},"MicrosoftFormsBlogs":{"runAfter":{"Microsoft365Blogs":["Succeeded"]},"type":"InitializeVariable","inputs":{"variables":[{"name":"Microsoft Forms","type":"String","value":"https://techcommunity.microsoft.com/gxcuf89792/plugins/custom/microsoft/o365/custom-blog-rss?board=MicrosoftFormsBlog&label=&messages=&size=10"}]}},"MicrosoftOneDriveBlogs":{"runAfter":{"MicrosoftFormsBlogs":["Succeeded"]},"type":"InitializeVariable","inputs":{"variables":[{"name":"MicrosoftOneDrive","type":"String","value":"https://techcommunity.microsoft.com/gxcuf89792/plugins/custom/microsoft/o365/custom-blog-rss?board=OneDriveBlog&label=&messages=&size=10"}]}},"MicrosoftSearchBlogs":{"runAfter":{"MicrosoftOneDriveBlogs":["Succeeded"]},"type":"InitializeVariable","inputs":{"variables":[{"name":"MicrosoftSearch","type":"String","value":"https://techcommunity.microsoft.com/gxcuf89792/plugins/custom/microsoft/o365/custom-blog-rss?board=IntelligentSearch_DiscoveryBlog&label=&messages=&size=10"}]}},"MicrosoftSharePointBlogs":{"runAfter":{"MicrosoftSearchBlogs":["Succeeded"]},"type":"InitializeVariable","inputs":{"variables":[{"name":"MicrosoftSharePoint","type":"String","value":"https://techcommunity.microsoft.com/gxcuf89792/plugins/custom/microsoft/o365/custom-blog-rss?board=SPBlog"}]}},"MicrosoftSharePointDeveloperBlogs":{"runAfter":{"MicrosoftSharePointBlogs":["Succeeded"]},"type":"InitializeVariable","inputs":{"variables":[{"name":"MicrosoftSharePointDeveloper","type":"String","value":"https://techcommunity.microsoft.com/gxcuf89792/plugins/custom/microsoft/o365/custom-blog-rss?board=SharePointDeveloper&label=&messages=&size=10"}]}},"MicrosoftTeamsBlogs":{"runAfter":{"MicrosoftSharePointDeveloperBlogs":["Succeeded"]},"type":"InitializeVariable","inputs":{"variables":[{"name":"MicrosoftTeams","type":"String","value":"https://techcommunity.microsoft.com/gxcuf89792/plugins/custom/microsoft/o365/custom-blog-rss?board=MicrosoftTeamsBlog"}]}},"MicrosoftTeamsEventsBlogs":{"runAfter":{"MicrosoftTeamsBlogs":["Succeeded"]},"type":"InitializeVariable","inputs":{"variables":[{"name":"MicrosoftTeamsEvents","type":"String","value":"https://techcommunity.microsoft.com/gxcuf89792/plugins/custom/microsoft/o365/custom-blog-rss?board=MicrosoftTeamsIgniteBlog&label=&messages=&size=10"}]}},"Office365Blogs":{"runAfter":{"MicrosoftTeamsEventsBlogs":["Succeeded"]},"type":"InitializeVariable","inputs":{"variables":[{"name":"Office365","type":"String","value":"https://techcommunity.microsoft.com/gxcuf89792/plugins/custom/microsoft/o365/custom-blog-rss?board=Office365Blog&label=&messages=&size=10"}]}},"PlannerBlog":{"runAfter":{"Office365Blogs":["Succeeded"]},"type":"InitializeVariable","inputs":{"variables":[{"name":"Planner","type":"String","value":"https://techcommunity.microsoft.com/gxcuf89792/plugins/custom/microsoft/o365/custom-blog-rss?board=PlannerBlog&label=&messages=&size=10"}]}},"ProjectBlog":{"runAfter":{"PlannerBlog":["Succeeded"]},"type":"InitializeVariable","inputs":{"variables":[{"name":"Project","type":"String","value":"https://techcommunity.microsoft.com/gxcuf89792/plugins/custom/microsoft/o365/custom-blog-rss?board=ProjectBlog&label=&messages=&size=10"}]}},"YammerBlog":{"runAfter":{"ProjectBlog":["Succeeded"]},"type":"InitializeVariable","inputs":{"variables":[{"name":"Yammer","type":"String","value":"https://techcommunity.microsoft.com/gxcuf89792/plugins/custom/microsoft/o365/custom-blog-rss?board=YammerBlog&label=&messages=&size=10"}]}},"List_teams":{"runAfter":{"ChannelYammerBlog":["Succeeded"]},"metadata":{"flowSystemMetadata":{"swaggerOperationId":"GetAllTeams"}},"type":"ApiConnection","inputs":{"host":{"connection":{"name":"@parameters('$connections')['shared_teams']['connectionId']"},"api":{"runtimeUrl":"https://flow-apim-msmanaged-na-northcentralus-01.azure-apim.net/apim/teams"}},"method":"get","path":"/beta/me/joinedTeams","authentication":"@parameters('$authentication')"}},"Apply_to_each_7":{"foreach":"@body('List_teams')?['value']","actions":{"Condition":{"actions":{"Set_variable":{"runAfter":{},"type":"SetVariable","inputs":{"name":"Team","value":"@items('Apply_to_each_7')?['id']"}},"List_channels":{"runAfter":{"Set_variable":["Succeeded"]},"metadata":{"flowSystemMetadata":{"swaggerOperationId":"GetChannelsForGroup"}},"type":"ApiConnection","inputs":{"host":{"connection":{"name":"@parameters('$connections')['shared_teams']['connectionId']"},"api":{"runtimeUrl":"https://flow-apim-msmanaged-na-northcentralus-01.azure-apim.net/apim/teams"}},"method":"get","path":"/beta/groups/@{encodeURIComponent(variables('Team'))}/channels","authentication":"@parameters('$authentication')"}},"Apply_to_each_14":{"foreach":"@body('List_channels')?['value']","actions":{"Switch":{"runAfter":{},"cases":{"Case":{"case":"Microsoft 365 Blog","actions":{"Set_variable_2":{"runAfter":{},"type":"SetVariable","inputs":{"name":"Channel365Blog","value":"@items('Apply_to_each_14')?['id']"}}}},"Case_2":{"case":"Microsoft Forms Blog","actions":{"Set_variable_3":{"runAfter":{},"type":"SetVariable","inputs":{"name":"ChannelFormsBlog","value":"@items('Apply_to_each_14')?['id']"}}}},"Case_3":{"case":"Microsoft OneDrive Blog","actions":{"Set_variable_4":{"runAfter":{},"type":"SetVariable","inputs":{"name":"ChannelOneDriveBlog","value":"@items('Apply_to_each_14')?['id']"}}}},"Case_4":{"case":"Microsoft Search Blog","actions":{"Set_variable_5":{"runAfter":{},"type":"SetVariable","inputs":{"name":"ChannelSearchBlog","value":"@items('Apply_to_each_14')?['id']"}}}},"Case_5":{"case":"Microsoft SharePoint Blog","actions":{"Set_variable_6":{"runAfter":{},"type":"SetVariable","inputs":{"name":"ChannelSharePointBlog","value":"@items('Apply_to_each_14')?['id']"}}}},"Case_6":{"case":"Microsoft SharePoint Developers Blog","actions":{"Set_variable_7":{"runAfter":{},"type":"SetVariable","inputs":{"name":"ChannelSharePointDEVBlog","value":"@items('Apply_to_each_14')?['id']"}}}},"Case_7":{"case":"Microsoft Stream Blog","actions":{"Set_variable_8":{"runAfter":{},"type":"SetVariable","inputs":{"name":"ChannelStreamBlog","value":"@items('Apply_to_each_14')?['id']"}}}},"Case_8":{"case":"Microsoft Teams Blog","actions":{"Set_variable_9":{"runAfter":{},"type":"SetVariable","inputs":{"name":"ChannelTeamsBlog","value":"@items('Apply_to_each_14')?['id']"}}}},"Case_9":{"case":"Microsoft Teams Events Blog","actions":{"Set_variable_10":{"runAfter":{},"type":"SetVariable","inputs":{"name":"ChannelTeamsEventsBlog","value":"@items('Apply_to_each_14')?['id']"}}}},"Case_10":{"case":"Office 365 Blog","actions":{"Set_variable_11":{"runAfter":{},"type":"SetVariable","inputs":{"name":"ChannelO365Blog","value":"@items('Apply_to_each_14')?['id']"}}}},"Case_11":{"case":"Planner Blog","actions":{"Set_variable_12":{"runAfter":{},"type":"SetVariable","inputs":{"name":"ChannelPlannerBlog","value":"@items('Apply_to_each_14')?['id']"}}}},"Case_12":{"case":"Project Blog","actions":{"Set_variable_13":{"runAfter":{},"type":"SetVariable","inputs":{"name":"ChannelProjectBlog","value":"@items('Apply_to_each_14')?['id']"}}}},"Case_13":{"case":"Yammer Blog","actions":{"Set_variable_14":{"runAfter":{},"type":"SetVariable","inputs":{"name":"ChannelYammerBlog","value":"@items('Apply_to_each_14')?['id']"}}}}},"default":{"actions":{}},"expression":"@items('Apply_to_each_14')?['displayName']","type":"Switch"}},"runAfter":{"List_channels":["Succeeded"]},"type":"Foreach"}},"runAfter":{},"expression":{"equals":["@items('Apply_to_each_7')?['displayName']","Microsoft Ignite"]},"type":"If"}},"runAfter":{"List_teams":["Succeeded"]},"type":"Foreach"},"Team":{"runAfter":{},"type":"InitializeVariable","inputs":{"variables":[{"name":"Team","type":"String"}]}},"Channel365Blog":{"runAfter":{"Team":["Succeeded"]},"type":"InitializeVariable","inputs":{"variables":[{"name":"Channel365Blog","type":"String"}]}},"ChannelFormsBlog":{"runAfter":{"Channel365Blog":["Succeeded"]},"type":"InitializeVariable","inputs":{"variables":[{"name":"ChannelFormsBlog","type":"String"}]}},"ChannelOneDriveBlog":{"runAfter":{"ChannelFormsBlog":["Succeeded"]},"type":"InitializeVariable","inputs":{"variables":[{"name":"ChannelOneDriveBlog","type":"String"}]}},"ChannelSearchBlog":{"runAfter":{"ChannelOneDriveBlog":["Succeeded"]},"type":"InitializeVariable","inputs":{"variables":[{"name":"ChannelSearchBlog","type":"String"}]}},"ChannelSharePointBlog":{"runAfter":{"ChannelSearchBlog":["Succeeded"]},"type":"InitializeVariable","inputs":{"variables":[{"name":"ChannelSharePointBlog","type":"String"}]}},"ChannelSharePointDEVBlog":{"runAfter":{"ChannelSharePointBlog":["Succeeded"]},"type":"InitializeVariable","inputs":{"variables":[{"name":"ChannelSharePointDEVBlog","type":"String"}]}},"ChannelStreamBlog":{"runAfter":{"ChannelSharePointDEVBlog":["Succeeded"]},"type":"InitializeVariable","inputs":{"variables":[{"name":"ChannelStreamBlog","type":"String"}]}},"ChannelTeamsBlog":{"runAfter":{"ChannelStreamBlog":["Succeeded"]},"type":"InitializeVariable","inputs":{"variables":[{"name":"ChannelTeamsBlog","type":"String"}]}},"ChannelTeamsEventsBlog":{"runAfter":{"ChannelTeamsBlog":["Succeeded"]},"type":"InitializeVariable","inputs":{"variables":[{"name":"ChannelTeamsEventsBlog","type":"String"}]}},"ChannelO365Blog":{"runAfter":{"ChannelTeamsEventsBlog":["Succeeded"]},"type":"InitializeVariable","inputs":{"variables":[{"name":"ChannelO365Blog","type":"String"}]}},"ChannelPlannerBlog":{"runAfter":{"ChannelO365Blog":["Succeeded"]},"type":"InitializeVariable","inputs":{"variables":[{"name":"ChannelPlannerBlog","type":"String"}]}},"ChannelProjectBlog":{"runAfter":{"ChannelPlannerBlog":["Succeeded"]},"type":"InitializeVariable","inputs":{"variables":[{"name":"ChannelProjectBlog","type":"String"}]}},"ChannelYammerBlog":{"runAfter":{"ChannelProjectBlog":["Succeeded"]},"type":"InitializeVariable","inputs":{"variables":[{"name":"ChannelYammerBlog","type":"String"}]}},"SharePoint":{"runAfter":{"YammerBlog":["Succeeded"]},"metadata":{"flowSystemMetadata":{"swaggerOperationId":"ListFeedItems"}},"type":"ApiConnection","inputs":{"host":{"connection":{"name":"@parameters('$connections')['shared_rss']['connectionId']"},"api":{"runtimeUrl":"https://flow-apim-msmanaged-na-centralus-01.azure-apim.net/apim/rss"}},"method":"get","path":"/ListFeedItems","queries":{"feedUrl":"@variables('MicrosoftSharePoint')"},"authentication":"@parameters('$authentication')"}},"Microsoft_Teams":{"runAfter":{"YammerBlog":["Succeeded"]},"metadata":{"flowSystemMetadata":{"swaggerOperationId":"ListFeedItems"}},"type":"ApiConnection","inputs":{"host":{"connection":{"name":"@parameters('$connections')['shared_rss']['connectionId']"},"api":{"runtimeUrl":"https://flow-apim-msmanaged-na-centralus-01.azure-apim.net/apim/rss"}},"method":"get","path":"/ListFeedItems","queries":{"feedUrl":"@variables('MicrosoftTeams')"},"authentication":"@parameters('$authentication')"}}}},"connectionReferences":{"shared_rss":{"connectionName":"shared-rss-174cdf6c-99a4-49d5-8ae1-fa79b90a0da9","source":"Embedded","id":"/providers/Microsoft.PowerApps/apis/shared_rss","tier":"NotSpecified"},"shared_teams":{"connectionName":"shared-teams-f7dc1191-70fe-416a-b619-3c043a0de657","source":"Embedded","id":"/providers/Microsoft.PowerApps/apis/shared_teams","tier":"NotSpecified"}},"flowFailureAlertSubscribed":false}}